,StartDate,EndDate,Status,IPAddress,Progress,Duration (in seconds),Finished,RecordedDate,ResponseId,RecipientLastName,RecipientFirstName,RecipientEmail,ExternalReference,LocationLatitude,LocationLongitude,DistributionChannel,UserLanguage,D1,A1_1,A2_1,A3_1,A4_1,A5_1,A6_1,A7_1,A8_1,A9_1,A10_1,A11_1,A12_1,A13_1,A14_1,A15_1,A16_1,A17_1,A18_1,A19_1,A20_1,A21_1,A22_1,A23_1,A24_1,A25_1,A26_1,A27_1,A28_1
0,Start Date,End Date,Response Type,anonymized,Progress,Duration (in seconds),Finished,Recorded Date,Response ID,anonymized,anonymized,anonymized,External Data Reference,anonymized,anonymized,Distribution Channel,User Language,Are you a native Czech speaker?,"Focus on the consonant in the audio. How soft does it sound? 

 



0 = not soft at all ... 100 = softest - How soft does the audio sound?","Focus on the consonant in the audio. How soft does it sound?








 0 = not soft at all ... 100 = softest - How soft does the audio sound?","Focus on the consonant in the audio. How soft does it sound?








 0 = not soft at all ... 100 = softest - How soft does the audio sound?","Focus on the consonant in the audio. How soft does it sound?








 0 = not soft at all ... 100 = softest - How soft does the audio sound?","Focus on the consonant in the audio. How soft does it sound?








 0 = not soft at all ... 100 = softest - How soft does the audio sound?","Focus on the consonant in the audio. How soft does it sound?








 0 = not soft at all ... 100 = softest - How soft does the audio sound?","Focus on the consonant in the audio. How soft does it sound?








 0 = not soft at all ... 100 = softest - How soft does the audio sound?","Focus on the consonant in the audio. How soft does it sound?








 0 = not soft at all ... 100 = softest - How soft does the audio sound?","Focus on the consonant in the audio. How soft does it sound?








 0 = not soft at all ... 100 = softest - How soft does the audio sound?","Focus on the consonant in the audio. How soft does it sound?








 0 = not soft at all ... 100 = softest - How soft does the audio sound?","Focus on the consonant in the audio. How soft does it sound?








 0 = not soft at all ... 100 = softest - How soft does the audio sound?","Focus on the consonant in the audio. How soft does it sound?








 0 = not soft at all ... 100 = softest - How soft does the audio sound?","Focus on the consonant in the audio. How soft does it sound?








 0 = not soft at all ... 100 = softest - How soft does the audio sound?","Focus on the consonant in the audio. How soft does it sound?








 0 = not soft at all ... 100 = softest - How soft does the audio sound?","Focus on the consonant in the audio. How soft does it sound?








 0 = not soft at all ... 100 = softest - How soft does the audio sound?","Focus on the consonant in the audio. How soft does it sound?






 0 = not soft at all ... 100 = softest - How soft does the audio sound?","Focus on the consonant in the audio. How soft does it sound?








 0 = not soft at all ... 100 = softest - How soft does the audio sound?","Focus on the consonant in the audio. How soft does it sound?








 0 = not soft at all ... 100 = softest - How soft does the audio sound?","Focus on the consonant in the audio. How soft does it sound?








 0 = not soft at all ... 100 = softest - How soft does the audio sound?","Focus on the consonant in the audio. How soft does it sound?








 0 = not soft at all ... 100 = softest - How soft does the audio sound?","Focus on the consonant in the audio. How soft does it sound?








 0 = not soft at all ... 100 = softest - How soft does the audio sound?","Focus on the consonant in the audio. How soft does it sound?








 0 = not soft at all ... 100 = softest - How soft does the audio sound?","Focus on the consonant in the audio. How soft does it sound?








 0 = not soft at all ... 100 = softest - How soft does the audio sound?","Focus on the consonant in the audio. How soft does it sound?








 0 = not soft at all ... 100 = softest - How soft does the audio sound?","Focus on the consonant in the audio. How soft does it sound?








 0 = not soft at all ... 100 = softest - How soft does the audio sound?","Focus on the consonant in the audio. How soft does it sound?








 0 = not soft at all ... 100 = softest - How soft does the audio sound?","Focus on the consonant in the audio. How soft does it sound?








 0 = not soft at all ... 100 = softest - How soft does the audio sound?","Focus on the consonant in the audio. How soft does it sound?








 0 = not soft at all ... 100 = softest - How soft does the audio sound?"
1,"{""ImportId"":""startDate"",""timeZone"":""America/Denver""}","{""ImportId"":""endDate"",""timeZone"":""America/Denver""}","{""ImportId"":""status""}",anonymized,"{""ImportId"":""progress""}","{""ImportId"":""duration""}","{""ImportId"":""finished""}","{""ImportId"":""recordedDate"",""timeZone"":""America/Denver""}","{""ImportId"":""_recordId""}",anonymized,anonymized,anonymized,"{""ImportId"":""externalDataReference""}",anonymized,anonymized,"{""ImportId"":""distributionChannel""}","{""ImportId"":""userLanguage""}","{""ImportId"":""QID3""}","{""ImportId"":""QID5_1""}","{""ImportId"":""QID6_1""}","{""ImportId"":""QID7_1""}","{""ImportId"":""QID8_1""}","{""ImportId"":""QID9_1""}","{""ImportId"":""QID10_1""}","{""ImportId"":""QID11_1""}","{""ImportId"":""QID12_1""}","{""ImportId"":""QID13_1""}","{""ImportId"":""QID14_1""}","{""ImportId"":""QID15_1""}","{""ImportId"":""QID16_1""}","{""ImportId"":""QID17_1""}","{""ImportId"":""QID18_1""}","{""ImportId"":""QID19_1""}","{""ImportId"":""QID20_1""}","{""ImportId"":""QID21_1""}","{""ImportId"":""QID22_1""}","{""ImportId"":""QID23_1""}","{""ImportId"":""QID24_1""}","{""ImportId"":""QID25_1""}","{""ImportId"":""QID26_1""}","{""ImportId"":""QID27_1""}","{""ImportId"":""QID28_1""}","{""ImportId"":""QID29_1""}","{""ImportId"":""QID30_1""}","{""ImportId"":""QID31_1""}","{""ImportId"":""QID32_1""}"
2,2026-05-10 17:11:47,2026-05-10 17:13:19,1,anonymized,100,91,1,2026-05-10 17:13:19,R_4JE55jXT7iFK35L,anonymized,anonymized,anonymized,,anonymized,anonymized,preview,EN,-99,-99,-99,-99,-99,-99,-99,36,-99,-99,-99,-99,-99,-99,-99,-99,38,-99,-99,-99,-99,-99,-99,-99,-99,-99,-99,-99,-99
3,2026-05-10 18:20:56,2026-05-10 18:26:17,0,anonymized,100,320,1,2026-05-10 18:26:18,R_9ZV8QTRGmaUyEur,anonymized,anonymized,anonymized,,anonymized,anonymized,anonymous,EN,2,53,14,48,0,45,20,38,50,14,64,37,52,12,60,65,81,-99,23,87,87,80,75,68,77,-99,19,61,77
4,2026-05-10 18:37:15,2026-05-10 18:43:13,0,anonymized,100,358,1,2026-05-10 18:43:14,R_9M4FuHomfPqmXye,anonymized,anonymized,anonymized,,anonymized,anonymized,anonymous,EN,2,87,69,63,33,52,43,40,83,37,76,41,88,41,21,18,35,49,24,61,63,22,38,71,70,65,86,95,95
5,2026-05-10 20:37:20,2026-05-10 20:41:07,0,anonymized,100,227,1,2026-05-10 20:41:08,R_2IAkk3oWppn81Pi,anonymized,anonymized,anonymized,,anonymized,anonymized,anonymous,EN,1,11,5,3,72,71,94,5,38,46,2,25,74,77,8,25,84,54,65,57,39,100,83,24,61,82,68,16,7
6,2026-05-10 23:17:32,2026-05-10 23:19:57,0,anonymized,100,145,1,2026-05-10 23:19:57,R_4s60BG6GhZjHfPK,anonymized,anonymized,anonymized,,anonymized,anonymized,anonymous,EN,2,96,37,19,20,18,15,15,58,11,54,20,48,47,0,35,20,21,30,91,54,69,73,75,87,21,52,84,43
7,2026-05-11 00:25:04,2026-05-11 00:30:53,0,anonymized,100,348,1,2026-05-11 00:30:53,R_8K6I0XRg5FX2Zoa,anonymized,anonymized,anonymized,,anonymized,anonymized,anonymous,EN,1,60,70,60,30,80,40,60,70,50,-99,20,80,40,20,-99,30,30,30,80,80,40,80,30,-99,30,20,60,-99
8,2026-05-11 02:58:45,2026-05-11 03:04:25,0,anonymized,100,339,1,2026-05-11 03:04:26,R_2v08Mmf5IYn3Y0c,anonymized,anonymized,anonymized,,anonymized,anonymized,anonymous,EN,1,63,40,26,10,70,40,10,90,40,50,30,66,48,25,16,30,30,21,72,70,80,70,12,73,52,25,85,65
9,2026-05-11 04:29:47,2026-05-11 04:32:49,0,anonymized,100,181,1,2026-05-11 04:32:50,R_8Dd9DBDZfMDFqGD,anonymized,anonymized,anonymized,,anonymized,anonymized,anonymous,EN,2,40,52,39,21,50,30,30,50,30,60,20,49,41,30,30,50,30,21,100,50,90,49,60,71,61,50,49,81
10,2026-05-11 06:30:21,2026-05-11 06:41:27,0,anonymized,100,666,1,2026-05-11 06:41:28,R_2Gjj5rIbuN7WTsf,anonymized,anonymized,anonymized,,anonymized,anonymized,anonymous,EN,1,88,62,6,0,100,70,16,100,43,5,6,4,6,7,68,24,21,8,13,11,95,53,8,57,3,9,34,19
11,2026-05-11 09:56:09,2026-05-11 09:58:26,0,anonymized,100,136,1,2026-05-11 09:58:26,R_7hmvp35AteVtUMV,anonymized,anonymized,anonymized,,anonymized,anonymized,anonymous,EN,2,67,60,72,56,49,70,19,58,60,36,50,27,29,37,26,38,40,30,69,45,80,49,53,83,20,24,62,68
12,2026-05-11 13:36:22,2026-05-11 13:40:39,0,anonymized,100,257,1,2026-05-11 13:40:39,R_9pXhtldqVSGD0SD,anonymized,anonymized,anonymized,,anonymized,anonymized,anonymous,EN,2,70,80,30,20,30,30,40,80,50,60,30,55,20,65,80,40,30,41,70,70,60,40,40,90,60,70,70,70
13,2026-05-12 15:56:13,2026-05-12 16:00:42,0,anonymized,100,268,1,2026-05-12 16:00:43,R_90dBVZEYLloEoEC,anonymized,anonymized,anonymized,,anonymized,anonymized,anonymous,EN,2,53,32,25,32,14,73,14,34,17,61,19,72,58,8,19,27,36,23,49,26,66,56,54,83,34,39,72,82
14,2026-05-13 01:04:36,2026-05-13 01:08:11,0,anonymized,100,214,1,2026-05-13 01:08:12,R_2otEC8Qb2LLmXag,anonymized,anonymized,anonymized,,anonymized,anonymized,anonymous,EN,1,61,58,76,76,94,86,69,81,92,93,55,58,63,48,75,99,47,45,87,100,71,100,64,95,96,61,58,91
15,2026-05-13 01:09:33,2026-05-13 01:14:48,0,anonymized,100,315,1,2026-05-13 01:14:49,R_8xrOzSEuogufWOB,anonymized,anonymized,anonymized,,anonymized,anonymized,anonymous,EN,1,50,40,17,1,85,90,6,6,30,40,5,70,78,15,6,60,-99,79,35,85,70,77,-99,5,4,15,-99,-99
16,2026-05-13 01:26:50,2026-05-13 01:30:56,0,anonymized,100,245,1,2026-05-13 01:30:56,R_8JPcd66TVdz0JfX,anonymized,anonymized,anonymized,,anonymized,anonymized,anonymous,EN,1,35,8,52,38,94,94,19,42,14,14,74,82,93,74,55,83,78,43,64,36,99,95,14,73,62,14,27,42
17,2026-05-13 03:55:16,2026-05-13 04:00:33,0,anonymized,100,316,1,2026-05-13 04:00:34,R_2Bvh5Qo9eECGo4F,anonymized,anonymized,anonymized,,anonymized,anonymized,anonymous,EN,1,33,40,10,15,100,100,22,25,12,76,12,100,43,6,35,93,17,30,23,35,100,23,13,22,8,4,36,12
18,2026-05-13 03:59:28,2026-05-13 04:02:51,0,anonymized,100,203,1,2026-05-13 04:02:51,R_2OxiRJqNsXgGRVv,anonymized,anonymized,anonymized,,anonymized,anonymized,anonymous,EN,1,71,59,33,65,24,15,14,52,51,36,53,18,8,7,21,29,26,25,32,38,62,80,10,100,13,7,76,100
19,2026-05-13 21:46:23,2026-05-13 21:49:15,0,anonymized,100,172,1,2026-05-13 21:49:16,R_9paigvx21Y8EYvv,anonymized,anonymized,anonymized,,anonymized,anonymized,anonymous,EN,2,62,74,45,50,60,50,40,31,58,45,26,35,71,45,30,31,38,23,55,50,61,80,62,66,52,42,53,39
